{
  "id": "1362389",
  "name": "湘雅糖尿病足",
  "font_family": "iconfont",
  "css_prefix_text": "icon-",
  "description": "",
  "glyphs": [
    {
      "icon_id": "216741",
      "name": "pwd",
      "font_class": "pwd",
      "unicode": "e652",
      "unicode_decimal": 58962
    },
    {
      "icon_id": "634019",
      "name": "箭头",
      "font_class": "jiantou",
      "unicode": "e66b",
      "unicode_decimal": 58987
    },
    {
      "icon_id": "681204",
      "name": "圆点小",
      "font_class": "yuandianxiao",
      "unicode": "e757",
      "unicode_decimal": 59223
    },
    {
      "icon_id": "689325",
      "name": "圆点中",
      "font_class": "yuandianzhong",
      "unicode": "e830",
      "unicode_decimal": 59440
    },
    {
      "icon_id": "979723",
      "name": "会诊",
      "font_class": "huizhen",
      "unicode": "e606",
      "unicode_decimal": 58886
    },
    {
      "icon_id": "1058923",
      "name": "user",
      "font_class": "iconuser-copy",
      "unicode": "e62a",
      "unicode_decimal": 58922
    },
    {
      "icon_id": "1240778",
      "name": "待定",
      "font_class": "daiding",
      "unicode": "e618",
      "unicode_decimal": 58904
    },
    {
      "icon_id": "1330772",
      "name": "未完成",
      "font_class": "weiwancheng",
      "unicode": "e755",
      "unicode_decimal": 59221
    },
    {
      "icon_id": "1520460",
      "name": "注射器",
      "font_class": "zhusheqi",
      "unicode": "e60a",
      "unicode_decimal": 58890
    },
    {
      "icon_id": "1617727",
      "name": "1008布局_左侧菜单",
      "font_class": "buju_zuocecaidan",
      "unicode": "e6a8",
      "unicode_decimal": 59048
    },
    {
      "icon_id": "2471393",
      "name": "忘记密码",
      "font_class": "wangjimima",
      "unicode": "e67d",
      "unicode_decimal": 59005
    },
    {
      "icon_id": "2985819",
      "name": "区域转诊",
      "font_class": "quyuzhuanzhen",
      "unicode": "e608",
      "unicode_decimal": 58888
    },
    {
      "icon_id": "3640203",
      "name": "已完成",
      "font_class": "yiwancheng",
      "unicode": "e612",
      "unicode_decimal": 58898
    },
    {
      "icon_id": "3900489",
      "name": "显微镜",
      "font_class": "xwj",
      "unicode": "e60b",
      "unicode_decimal": 58891
    },
    {
      "icon_id": "4562822",
      "name": "铃铛",
      "font_class": "lingdang",
      "unicode": "e61a",
      "unicode_decimal": 58906
    },
    {
      "icon_id": "4765888",
      "name": "logout",
      "font_class": "logout",
      "unicode": "e78c",
      "unicode_decimal": 59276
    },
    {
      "icon_id": "4765891",
      "name": "setting",
      "font_class": "setting",
      "unicode": "e78e",
      "unicode_decimal": 59278
    },
    {
      "icon_id": "4765957",
      "name": "edit-square",
      "font_class": "edit-square",
      "unicode": "e791",
      "unicode_decimal": 59281
    },
    {
      "icon_id": "4765962",
      "name": "app store",
      "font_class": "appstore",
      "unicode": "e792",
      "unicode_decimal": 59282
    },
    {
      "icon_id": "4766299",
      "name": "bar chart",
      "font_class": "barchart",
      "unicode": "e7af",
      "unicode_decimal": 59311
    },
    {
      "icon_id": "4767015",
      "name": "fullscreen",
      "font_class": "fullscreen",
      "unicode": "e7ec",
      "unicode_decimal": 59372
    },
    {
      "icon_id": "4767016",
      "name": "fullscreen-exit",
      "font_class": "fullscreen-exit",
      "unicode": "e7ed",
      "unicode_decimal": 59373
    },
    {
      "icon_id": "4784153",
      "name": "左右切换",
      "font_class": "zuoyouqiehuan",
      "unicode": "e666",
      "unicode_decimal": 58982
    },
    {
      "icon_id": "4910643",
      "name": "注册网站",
      "font_class": "zhucewangzhan",
      "unicode": "e66a",
      "unicode_decimal": 58986
    },
    {
      "icon_id": "4936983",
      "name": "windows-fill",
      "font_class": "windows-fill",
      "unicode": "e882",
      "unicode_decimal": 59522
    },
    {
      "icon_id": "5330444",
      "name": "听诊器",
      "font_class": "tingzhenqi",
      "unicode": "e790",
      "unicode_decimal": 59280
    },
    {
      "icon_id": "5330820",
      "name": "圆点",
      "font_class": "yuandian",
      "unicode": "e7c2",
      "unicode_decimal": 59330
    },
    {
      "icon_id": "5387603",
      "name": "末端左右展开",
      "font_class": "moduanzuoyouzhankai",
      "unicode": "eb10",
      "unicode_decimal": 60176
    },
    {
      "icon_id": "5387608",
      "name": "末端左右收起",
      "font_class": "moduanzuoyoushouqi",
      "unicode": "eb11",
      "unicode_decimal": 60177
    },
    {
      "icon_id": "5434073",
      "name": "患者管理",
      "font_class": "huanzheguanli",
      "unicode": "e619",
      "unicode_decimal": 58905
    },
    {
      "icon_id": "5477163",
      "name": "图片",
      "font_class": "tupian",
      "unicode": "e631",
      "unicode_decimal": 58929
    },
    {
      "icon_id": "6342527",
      "name": "科研系统",
      "font_class": "keyanxitong",
      "unicode": "e63e",
      "unicode_decimal": 58942
    },
    {
      "icon_id": "7335502",
      "name": "左侧栏",
      "font_class": "zuocelan",
      "unicode": "eb28",
      "unicode_decimal": 60200
    },
    {
      "icon_id": "7720065",
      "name": "箭头",
      "font_class": "jiantou1",
      "unicode": "e610",
      "unicode_decimal": 58896
    },
    {
      "icon_id": "10148667",
      "name": "向下",
      "font_class": "xiangxia",
      "unicode": "e605",
      "unicode_decimal": 58885
    },
    {
      "icon_id": "10148668",
      "name": "向上",
      "font_class": "xiangshang",
      "unicode": "e607",
      "unicode_decimal": 58887
    }
  ]
}
